Workbook

Sheet Instructions
C3: 📚 BOOK TRACKER
C4: Your Personal Reading Companion
C7: WELCOME
C9: Welcome to your Book Tracker! | D9: This premium spreadsheet helps you organize your reading life,
C10: track your progress, and discover patterns in your reading habits.
C12: GETTING STARTED
C14: Step 1: | D14: Go to the Setup tab to configure your reading goal and preferences.
C15: Step 2: | D15: Start logging books in the Book Tracker tab — the heart of this spreadsheet.
C16: Step 3: | D16: Watch your Dashboard come alive with charts and statistics.
C17: Step 4: | D17: Use the Wishlist to plan your next reads.
C18: Step 5: | D18: Browse your Books Gallery for a visual overview of your library.
C20: TABS OVERVIEW
C22: 📋 Setup | D22: Configure your reading goal, genres, and preferences.
C23: 📖 Book Tracker | D23: Log every book — title, author, genre, status, rating, and more.
C24: 🖼️ Books Gallery | D24: Visual grid of your books with cover placeholders and ratings.
C25: 📅 Reading Calendar | D25: See when you finished books on a monthly calendar view.
C26: 💫 Wishlist | D26: Keep track of books you want to read next.
C27: 📊 Dashboard | D27: Charts and stats that summarize your reading year.
C29: TIPS
C31: • | D31: Use the dropdowns for Genre, Status, Rating, and Format for consistency.
C32: • | D32: The Dashboard updates automatically as you log books.
C33: • | D33: Days to Read calculates automatically when you enter start and finish dates.
C34: • | D34: 5 sample books are pre-filled — feel free to replace them with your own!
C35: • | D35: Freeze panes are set on the Book Tracker so headers stay visible.
C38: ▶ Start by going to the Setup tab

Sheet Setup
B2: 📚 BOOK TRACKER
D3: ⚙️ SETUP
B4: SETUP
B5: Instructions
B6: Setup | D6: READING GOAL
D7: Books per year: | E7: 24
B8: LIBRARY
B9: Book Tracker | D9: RATING SYSTEM
B10: Books Gallery | D10: ★☆☆☆☆ | E10: 1 — Did not enjoy
D11: ★★☆☆☆ | E11: 2 — It was okay
B12: PLANNING | D12: ★★★☆☆ | E12: 3 — Liked it
B13: Reading Calendar | D13: ★★★★☆ | E13: 4 — Really liked it
B14: Wishlist | D14: ★★★★★ | E14: 5 — Loved it!
B16: OVERVIEW | D16: STATUS OPTIONS
B17: Dashboard | D17: 📖 Reading | E17: Currently reading this book
D18: ✅ Finished | E18: Completed the book
D19: ❌ DNF | E19: Did Not Finish — stopped reading
D20: 📋 TBR | E20: To Be Read — on the list
D21: ⏸️ On Hold | E21: Paused for now
D23: FORMAT OPTIONS
D24: Physical
D25: eBook
D26: Audiobook
D28: OWNERSHIP
D29: Owned
D30: Library
D31: Borrowed
D32: Gifted
D34: GENRES
D35: Genre
D36: Fantasy
... D52: Other

Sheet Book Tracker
B2: 📚 BOOK TRACKER
B4: SETUP
B5: Instructions | D5: 📖 MY READING LOG
B6: Setup | D6: Total Books: | E6: =COUNTA(E8:E207) | F6: Finished: | G6: =COUNTIF(H8:H207,"Finished") | H6: Avg Rating: | I6: =IFERROR(AVERAGEIF(H8:H207,"Finished",I8:I207),"—") | J6: Pages Read: | K6: =SUMIF(H8:H207,"Finished",K8:K207)
D7: # | E7: TITLE | F7: AUTHOR | G7: GENRE | H7: STATUS | I7: RATING | J7: FORMAT | K7: PAGES | L7: DATE STARTED | M7: DATE FINISHED | N7: DAYS TO READ | O7: NOTES
B8: LIBRARY | D8: 1 | E8: The Great Gatsby | F8: F. Scott Fitzgerald | G8: Literary Fiction | H8: Finished | I8: 5 | J8: Physical | K8: 180 | L8: 46023 | M8: 46027 | N8: =IF(AND(L8<>"",M8<>""),M8-L8,"")
B9: Book Tracker | D9: 2 | E9: Dune | F9: Frank Herbert | G9: Sci-Fi | H9: Finished | I9: 4 | J9: eBook | K9: 412 | L9: 46030 | M9: 46044 | N9: =IF(AND(L9<>"",M9<>""),M9-L9,"")
B10: Books Gallery | D10: 3 | E10: Atomic Habits | F10: James Clear | G10: Self-Help | H10: Finished | I10: 5 | J10: Audiobook | K10: 320 | L10: 46047 | M10: 46055 | N10: =IF(AND(L10<>"",M10<>""),M10-L10,"")
D11: 4 | E11: The Hobbit | F11: J.R.R. Tolkien | G11: Fantasy | H11: Reading | J11: Physical | K11: 310 | L11: 46058 | N11: =IF(AND(L11<>"",M11<>""),M11-L11,"")
B12: PLANNING | D12: 5 | E12: Becoming | F12: Michelle Obama | G12: Biography | H12: TBR | K12: 448 | N12: =IF(AND(L12<>"",M12<>""),M12-L12,"")
B13: Reading Calendar | D13: 6 | N13: =IF(AND(L13<>"",M13<>""),M13-L13,"")
B14: Wishlist | D14: 7 | N14: =IF(AND(L14<>"",M14<>""),M14-L14,"")
D15: 8 | N15: =IF(AND(L15<>"",M15<>""),M15-L15,"")
B16: OVERVIEW | D16: 9 | N16: =IF(AND(L16<>"",M16<>""),M16-L16,"")
B17: Dashboard | D17: 10 | N17: =IF(AND(L17<>"",M17<>""),M17-L17,"")
D18: 11 | N18: =IF(AND(L18<>"",M18<>""),M18-L18,"")
D19: 12 | N19: =IF(AND(L19<>"",M19<>""),M19-L19,"")
D20: 13 | N20: =IF(AND(L20<>"",M20<>""),M20-L20,"")
D21: 14 | N21: =IF(AND(L21<>"",M21<>""),M21-L21,"")
D22: 15 | N22: =IF(AND(L22<>"",M22<>""),M22-L22,"")
D23: 16 | N23: =IF(AND(L23<>"",M23<>""),M23-L23,"")
D24: 17 | N24: =IF(AND(L24<>"",M24<>""),M24-L24,"")
D25: 18 | N25: =IF(AND(L25<>"",M25<>""),M25-L25,"")
D26: 19 | N26: =IF(AND(L26<>"",M26<>""),M26-L26,"")
D27: 20 | N27: =IF(AND(L27<>"",M27<>""),M27-L27,"")
D28: 21 | N28: =IF(AND(L28<>"",M28<>""),M28-L28,"")
D29: 22 | N29: =IF(AND(L29<>"",M29<>""),M29-L29,"")
... D207: 200 | N207: =IF(AND(L207<>"",M207<>""),M207-L207,"")

Sheet Books Gallery
B2: 📚 BOOK TRACKER
B4: SETUP
B5: Instructions | D5: 🖼️ BOOKS GALLERY
B6: Setup
D7: =IF('Book Tracker'!E8<>"",LEFT('Book Tracker'!E8,1),"") | I7: =IF('Book Tracker'!E9<>"",LEFT('Book Tracker'!E9,1),"") | N7: =IF('Book Tracker'!E10<>"",LEFT('Book Tracker'!E10,1),"") | S7: =IF('Book Tracker'!E11<>"",LEFT('Book Tracker'!E11,1),"")
B8: LIBRARY
B9: Book Tracker
B10: Books Gallery | D10: =IF('Book Tracker'!E8<>"",'Book Tracker'!E8,"") | I10: =IF('Book Tracker'!E9<>"",'Book Tracker'!E9,"") | N10: =IF('Book Tracker'!E10<>"",'Book Tracker'!E10,"") | S10: =IF('Book Tracker'!E11<>"",'Book Tracker'!E11,"")
D11: =IF('Book Tracker'!F8<>"",'Book Tracker'!F8,"") | I11: =IF('Book Tracker'!F9<>"",'Book Tracker'!F9,"") | N11: =IF('Book Tracker'!F10<>"",'Book Tracker'!F10,"") | S11: =IF('Book Tracker'!F11<>"",'Book Tracker'!F11,"")
B12: PLANNING | D12: =IF('Book Tracker'!I8<>"",REPT("★",'Book Tracker'!I8)&REPT("☆",5-'Book Tracker'!I8),"")&IF('Book Tracker'!G8<>""," · "&'Book Tracker'!G8,"") | I12: =IF('Book Tracker'!I9<>"",REPT("★",'Book Tracker'!I9)&REPT("☆",5-'Book Tracker'!I9),"")&IF('Book Tracker'!G9<>""," · "&'Book Tracker'!G9,"") | N12: =IF('Book Tracker'!I10<>"",REPT("★",'Book Tracker'!I10)&REPT("☆",5-'Book Tracker'!I10),"")&IF('Book Tracker'!G10<>""," · "&'Book Tracker'!G10,"") | S12: =IF('Book Tracker'!I11<>"",REPT("★",'Book Tracker'!I11)&REPT("☆",5-'Book Tracker'!I11),"")&IF('Book Tracker'!G11<>""," · "&'Book Tracker'!G11,"")
B13: Reading Calendar
B14: Wishlist | D14: =IF('Book Tracker'!E12<>"",LEFT('Book Tracker'!E12,1),"") | I14: =IF('Book Tracker'!E13<>"",LEFT('Book Tracker'!E13,1),"") | N14: =IF('Book Tracker'!E14<>"",LEFT('Book Tracker'!E14,1),"") | S14: =IF('Book Tracker'!E15<>"",LEFT('Book Tracker'!E15,1),"")
B16: OVERVIEW
B17: Dashboard | D17: =IF('Book Tracker'!E12<>"",'Book Tracker'!E12,"") | I17: =IF('Book Tracker'!E13<>"",'Book Tracker'!E13,"") | N17: =IF('Book Tracker'!E14<>"",'Book Tracker'!E14,"") | S17: =IF('Book Tracker'!E15<>"",'Book Tracker'!E15,"")
D18: =IF('Book Tracker'!F12<>"",'Book Tracker'!F12,"") | I18: =IF('Book Tracker'!F13<>"",'Book Tracker'!F13,"") | N18: =IF('Book Tracker'!F14<>"",'Book Tracker'!F14,"") | S18: =IF('Book Tracker'!F15<>"",'Book Tracker'!F15,"")
D19: =IF('Book Tracker'!I12<>"",REPT("★",'Book Tracker'!I12)&REPT("☆",5-'Book Tracker'!I12),"")&IF('Book Tracker'!G12<>""," · "&'Book Tracker'!G12,"") | I19: =IF('Book Tracker'!I13<>"",REPT("★",'Book Tracker'!I13)&REPT("☆",5-'Book Tracker'!I13),"")&IF('Book Tracker'!G13<>""," · "&'Book Tracker'!G13,"") | N19: =IF('Book Tracker'!I14<>"",REPT("★",'Book Tracker'!I14)&REPT("☆",5-'Book Tracker'!I14),"")&IF('Book Tracker'!G14<>""," · "&'Book Tracker'!G14,"") | S19: =IF('Book Tracker'!I15<>"",REPT("★",'Book Tracker'!I15)&REPT("☆",5-'Book Tracker'!I15),"")&IF('Book Tracker'!G15<>""," · "&'Book Tracker'!G15,"")
D21: =IF('Book Tracker'!E16<>"",LEFT('Book Tracker'!E16,1),"") | I21: =IF('Book Tracker'!E17<>"",LEFT('Book Tracker'!E17,1),"") | N21: =IF('Book Tracker'!E18<>"",LEFT('Book Tracker'!E18,1),"") | S21: =IF('Book Tracker'!E19<>"",LEFT('Book Tracker'!E19,1),"")
D24: =IF('Book Tracker'!E16<>"",'Book Tracker'!E16,"") | I24: =IF('Book Tracker'!E17<>"",'Book Tracker'!E17,"") | N24: =IF('Book Tracker'!E18<>"",'Book Tracker'!E18,"") | S24: =IF('Book Tracker'!E19<>"",'Book Tracker'!E19,"")
D25: =IF('Book Tracker'!F16<>"",'Book Tracker'!F16,"") | I25: =IF('Book Tracker'!F17<>"",'Book Tracker'!F17,"") | N25: =IF('Book Tracker'!F18<>"",'Book Tracker'!F18,"") | S25: =IF('Book Tracker'!F19<>"",'Book Tracker'!F19,"")
D26: =IF('Book Tracker'!I16<>"",REPT("★",'Book Tracker'!I16)&REPT("☆",5-'Book Tracker'!I16),"")&IF('Book Tracker'!G16<>""," · "&'Book Tracker'!G16,"") | I26: =IF('Book Tracker'!I17<>"",REPT("★",'Book Tracker'!I17)&REPT("☆",5-'Book Tracker'!I17),"")&IF('Book Tracker'!G17<>""," · "&'Book Tracker'!G17,"") | N26: =IF('Book Tracker'!I18<>"",REPT("★",'Book Tracker'!I18)&REPT("☆",5-'Book Tracker'!I18),"")&IF('Book Tracker'!G18<>""," · "&'Book Tracker'!G18,"") | S26: =IF('Book Tracker'!I19<>"",REPT("★",'Book Tracker'!I19)&REPT("☆",5-'Book Tracker'!I19),"")&IF('Book Tracker'!G19<>""," · "&'Book Tracker'!G19,"")
D28: =IF('Book Tracker'!E20<>"",LEFT('Book Tracker'!E20,1),"") | I28: =IF('Book Tracker'!E21<>"",LEFT('Book Tracker'!E21,1),"") | N28: =IF('Book Tracker'!E22<>"",LEFT('Book Tracker'!E22,1),"") | S28: =IF('Book Tracker'!E23<>"",LEFT('Book Tracker'!E23,1),"")
D31: =IF('Book Tracker'!E20<>"",'Book Tracker'!E20,"") | I31: =IF('Book Tracker'!E21<>"",'Book Tracker'!E21,"") | N31: =IF('Book Tracker'!E22<>"",'Book Tracker'!E22,"") | S31: =IF('Book Tracker'!E23<>"",'Book Tracker'!E23,"")
D32: =IF('Book Tracker'!F20<>"",'Book Tracker'!F20,"") | I32: =IF('Book Tracker'!F21<>"",'Book Tracker'!F21,"") | N32: =IF('Book Tracker'!F22<>"",'Book Tracker'!F22,"") | S32: =IF('Book Tracker'!F23<>"",'Book Tracker'!F23,"")
D33: =IF('Book Tracker'!I20<>"",REPT("★",'Book Tracker'!I20)&REPT("☆",5-'Book Tracker'!I20),"")&IF('Book Tracker'!G20<>""," · "&'Book Tracker'!G20,"") | I33: =IF('Book Tracker'!I21<>"",REPT("★",'Book Tracker'!I21)&REPT("☆",5-'Book Tracker'!I21),"")&IF('Book Tracker'!G21<>""," · "&'Book Tracker'!G21,"") | N33: =IF('Book Tracker'!I22<>"",REPT("★",'Book Tracker'!I22)&REPT("☆",5-'Book Tracker'!I22),"")&IF('Book Tracker'!G22<>""," · "&'Book Tracker'!G22,"") | S33: =IF('Book Tracker'!I23<>"",REPT("★",'Book Tracker'!I23)&REPT("☆",5-'Book Tracker'!I23),"")&IF('Book Tracker'!G23<>""," · "&'Book Tracker'!G23,"")
D35: =IF('Book Tracker'!E24<>"",LEFT('Book Tracker'!E24,1),"") | I35: =IF('Book Tracker'!E25<>"",LEFT('Book Tracker'!E25,1),"") | N35: =IF('Book Tracker'!E26<>"",LEFT('Book Tracker'!E26,1),"") | S35: =IF('Book Tracker'!E27<>"",LEFT('Book Tracker'!E27,1),"")
D38: =IF('Book Tracker'!E24<>"",'Book Tracker'!E24,"") | I38: =IF('Book Tracker'!E25<>"",'Book Tracker'!E25,"") | N38: =IF('Book Tracker'!E26<>"",'Book Tracker'!E26,"") | S38: =IF('Book Tracker'!E27<>"",'Book Tracker'!E27,"")
D39: =IF('Book Tracker'!F24<>"",'Book Tracker'!F24,"") | I39: =IF('Book Tracker'!F25<>"",'Book Tracker'!F25,"") | N39: =IF('Book Tracker'!F26<>"",'Book Tracker'!F26,"") | S39: =IF('Book Tracker'!F27<>"",'Book Tracker'!F27,"")
D40: =IF('Book Tracker'!I24<>"",REPT("★",'Book Tracker'!I24)&REPT("☆",5-'Book Tracker'!I24),"")&IF('Book Tracker'!G24<>""," · "&'Book Tracker'!G24,"") | I40: =IF('Book Tracker'!I25<>"",REPT("★",'Book Tracker'!I25)&REPT("☆",5-'Book Tracker'!I25),"")&IF('Book Tracker'!G25<>""," · "&'Book Tracker'!G25,"") | N40: =IF('Book Tracker'!I26<>"",REPT("★",'Book Tracker'!I26)&REPT("☆",5-'Book Tracker'!I26),"")&IF('Book Tracker'!G26<>""," · "&'Book Tracker'!G26,"") | S40: =IF('Book Tracker'!I27<>"",REPT("★",'Book Tracker'!I27)&REPT("☆",5-'Book Tracker'!I27),"")&IF('Book Tracker'!G27<>""," · "&'Book Tracker'!G27,"")

Sheet Reading Calendar
B2: 📚 BOOK TRACKER
D3: Month: | E3: January 2026
B4: SETUP
B5: Instructions | D5: 📅 READING CALENDAR
B6: Setup
D7: Sun | E7: Mon | F7: Tue | G7: Wed | H7: Thu | I7: Fri | J7: Sat
B8: LIBRARY | G8: 1 | H8: 2 | I8: 3 | J8: 4
B9: Book Tracker
B10: Books Gallery | D10: 5 | E10: 6 | F10: 7 | G10: 8 | H10: 9 | I10: 10 | J10: 11
D11: The Great Gatsb
B12: PLANNING | D12: 12 | E12: 13 | F12: 14 | G12: 15 | H12: 16 | I12: 17 | J12: 18
B13: Reading Calendar
B14: Wishlist | D14: 19 | E14: 20 | F14: 21 | G14: 22 | H14: 23 | I14: 24 | J14: 25
G15: Dune
B16: OVERVIEW | D16: 26 | E16: 27 | F16: 28 | G16: 29 | H16: 30 | I16: 31
B17: Dashboard
D22: MONTHLY SUMMARY
D23: Books finished: | E23: 2
D24: Pages read: | E24: 592
D25: Current Streak: | E25: 5 days

Sheet Wishlist
B2: 📚 BOOK TRACKER
B4: SETUP
B5: Instructions | D5: 💫 MY WISHLIST
B6: Setup
D7: # | E7: TITLE | F7: AUTHOR | G7: GENRE | H7: PRIORITY | I7: SOURCE/LINK | J7: RECOMMENDED BY | K7: NOTES
B8: LIBRARY | D8: 1
B9: Book Tracker | D9: 2
B10: Books Gallery | D10: 3
D11: 4
B12: PLANNING | D12: 5
B13: Reading Calendar | D13: 6
B14: Wishlist | D14: 7
D15: 8
B16: OVERVIEW | D16: 9
B17: Dashboard | D17: 10
D18: 11
D19: 12
D20: 13
D21: 14
D22: 15
D23: 16
D24: 17
D25: 18
D26: 19
D27: 20
D28: 21
D29: 22
... D107: 100

Sheet Dashboard
B2: 📚 BOOK TRACKER
AH3: Month | AI3: Books | AJ3: Pages | AL3: Genre | AM3: Count | AO3: Rating | AP3: Count
B4: SETUP | AH4: Jan | AI4: =COUNTIFS('Book Tracker'!H$8:H$207,"Finished",'Book Tracker'!M$8:M$207,">="&DATE(2026,1,1),'Book Tracker'!M$8:M$207,"<"&DATE(2026,2,1)) | AJ4: =SUMPRODUCT(('Book Tracker'!H$8:H$207="Finished")*(MONTH('Book Tracker'!M$8:M$207)=1)*(YEAR('Book Tracker'!M$8:M$207)=2026)*'Book Tracker'!K$8:K$207) | AL4: Literary Fiction | AM4: =COUNTIF('Book Tracker'!G$8:G$207,"Literary Fiction") | AO4: 1 | AP4: =COUNTIF('Book Tracker'!I$8:I$207,1)
B5: Instructions | D5: 📊 READING DASHBOARD | AH5: Feb | AI5: =COUNTIFS('Book Tracker'!H$8:H$207,"Finished",'Book Tracker'!M$8:M$207,">="&DATE(2026,2,1),'Book Tracker'!M$8:M$207,"<"&DATE(2026,3,1)) | AJ5: =SUMPRODUCT(('Book Tracker'!H$8:H$207="Finished")*(MONTH('Book Tracker'!M$8:M$207)=2)*(YEAR('Book Tracker'!M$8:M$207)=2026)*'Book Tracker'!K$8:K$207) | AL5: Sci-Fi | AM5: =COUNTIF('Book Tracker'!G$8:G$207,"Sci-Fi") | AO5: 2 | AP5: =COUNTIF('Book Tracker'!I$8:I$207,2)
B6: Setup | AH6: Mar | AI6: =COUNTIFS('Book Tracker'!H$8:H$207,"Finished",'Book Tracker'!M$8:M$207,">="&DATE(2026,3,1),'Book Tracker'!M$8:M$207,"<"&DATE(2026,4,1)) | AJ6: =SUMPRODUCT(('Book Tracker'!H$8:H$207="Finished")*(MONTH('Book Tracker'!M$8:M$207)=3)*(YEAR('Book Tracker'!M$8:M$207)=2026)*'Book Tracker'!K$8:K$207) | AL6: Self-Help | AM6: =COUNTIF('Book Tracker'!G$8:G$207,"Self-Help") | AO6: 3 | AP6: =COUNTIF('Book Tracker'!I$8:I$207,3)
AH7: Apr | AI7: =COUNTIFS('Book Tracker'!H$8:H$207,"Finished",'Book Tracker'!M$8:M$207,">="&DATE(2026,4,1),'Book Tracker'!M$8:M$207,"<"&DATE(2026,5,1)) | AJ7: =SUMPRODUCT(('Book Tracker'!H$8:H$207="Finished")*(MONTH('Book Tracker'!M$8:M$207)=4)*(YEAR('Book Tracker'!M$8:M$207)=2026)*'Book Tracker'!K$8:K$207) | AL7: Fantasy | AM7: =COUNTIF('Book Tracker'!G$8:G$207,"Fantasy") | AO7: 4 | AP7: =COUNTIF('Book Tracker'!I$8:I$207,4)
B8: LIBRARY | D8: =COUNTIF('Book Tracker'!H8:H207,"Finished") | H8: =SUMIF('Book Tracker'!H8:H207,"Finished",'Book Tracker'!K8:K207) | L8: =IFERROR(AVERAGEIF('Book Tracker'!H8:H207,"Finished",'Book Tracker'!I8:I207),0) | P8: =IFERROR(COUNTIF('Book Tracker'!H8:H207,"Finished")/Setup!E7,0) | AH8: May | AI8: =COUNTIFS('Book Tracker'!H$8:H$207,"Finished",'Book Tracker'!M$8:M$207,">="&DATE(2026,5,1),'Book Tracker'!M$8:M$207,"<"&DATE(2026,6,1)) | AJ8: =SUMPRODUCT(('Book Tracker'!H$8:H$207="Finished")*(MONTH('Book Tracker'!M$8:M$207)=5)*(YEAR('Book Tracker'!M$8:M$207)=2026)*'Book Tracker'!K$8:K$207) | AL8: Biography | AM8: =COUNTIF('Book Tracker'!G$8:G$207,"Biography") | AO8: 5 | AP8: =COUNTIF('Book Tracker'!I$8:I$207,5)
B9: Book Tracker | D9: BOOKS READ | H9: PAGES READ | L9: AVG RATING | P9: READING GOAL | AH9: Jun | AI9: =COUNTIFS('Book Tracker'!H$8:H$207,"Finished",'Book Tracker'!M$8:M$207,">="&DATE(2026,6,1),'Book Tracker'!M$8:M$207,"<"&DATE(2026,7,1)) | AJ9: =SUMPRODUCT(('Book Tracker'!H$8:H$207="Finished")*(MONTH('Book Tracker'!M$8:M$207)=6)*(YEAR('Book Tracker'!M$8:M$207)=2026)*'Book Tracker'!K$8:K$207)
B10: Books Gallery | AH10: Jul | AI10: =COUNTIFS('Book Tracker'!H$8:H$207,"Finished",'Book Tracker'!M$8:M$207,">="&DATE(2026,7,1),'Book Tracker'!M$8:M$207,"<"&DATE(2026,8,1)) | AJ10: =SUMPRODUCT(('Book Tracker'!H$8:H$207="Finished")*(MONTH('Book Tracker'!M$8:M$207)=7)*(YEAR('Book Tracker'!M$8:M$207)=2026)*'Book Tracker'!K$8:K$207)
D11: READING GOAL PROGRESS | AH11: Aug | AI11: =COUNTIFS('Book Tracker'!H$8:H$207,"Finished",'Book Tracker'!M$8:M$207,">="&DATE(2026,8,1),'Book Tracker'!M$8:M$207,"<"&DATE(2026,9,1)) | AJ11: =SUMPRODUCT(('Book Tracker'!H$8:H$207="Finished")*(MONTH('Book Tracker'!M$8:M$207)=8)*(YEAR('Book Tracker'!M$8:M$207)=2026)*'Book Tracker'!K$8:K$207)
B12: PLANNING | D12: =COUNTIF('Book Tracker'!H8:H207,"Finished")&" of "&Setup!E7&" books read" | G12: =IFERROR(COUNTIF('Book Tracker'!H8:H207,"Finished")/Setup!E7,0) | AH12: Sep | AI12: =COUNTIFS('Book Tracker'!H$8:H$207,"Finished",'Book Tracker'!M$8:M$207,">="&DATE(2026,9,1),'Book Tracker'!M$8:M$207,"<"&DATE(2026,10,1)) | AJ12: =SUMPRODUCT(('Book Tracker'!H$8:H$207="Finished")*(MONTH('Book Tracker'!M$8:M$207)=9)*(YEAR('Book Tracker'!M$8:M$207)=2026)*'Book Tracker'!K$8:K$207)
B13: Reading Calendar | AH13: Oct | AI13: =COUNTIFS('Book Tracker'!H$8:H$207,"Finished",'Book Tracker'!M$8:M$207,">="&DATE(2026,10,1),'Book Tracker'!M$8:M$207,"<"&DATE(2026,11,1)) | AJ13: =SUMPRODUCT(('Book Tracker'!H$8:H$207="Finished")*(MONTH('Book Tracker'!M$8:M$207)=10)*(YEAR('Book Tracker'!M$8:M$207)=2026)*'Book Tracker'!K$8:K$207)
B14: Wishlist | AH14: Nov | AI14: =COUNTIFS('Book Tracker'!H$8:H$207,"Finished",'Book Tracker'!M$8:M$207,">="&DATE(2026,11,1),'Book Tracker'!M$8:M$207,"<"&DATE(2026,12,1)) | AJ14: =SUMPRODUCT(('Book Tracker'!H$8:H$207="Finished")*(MONTH('Book Tracker'!M$8:M$207)=11)*(YEAR('Book Tracker'!M$8:M$207)=2026)*'Book Tracker'!K$8:K$207)
AH15: Dec | AI15: =COUNTIFS('Book Tracker'!H$8:H$207,"Finished",'Book Tracker'!M$8:M$207,">="&DATE(2026,12,1),'Book Tracker'!M$8:M$207,"<"&DATE(2027,1,1)) | AJ15: =SUMPRODUCT(('Book Tracker'!H$8:H$207="Finished")*(MONTH('Book Tracker'!M$8:M$207)=12)*(YEAR('Book Tracker'!M$8:M$207)=2026)*'Book Tracker'!K$8:K$207)
B16: OVERVIEW
B17: Dashboard
