Workbook

Sheet INSTRUCTIONS
B2: WARHAMMER ARMY TRACKER | D2: Warhammer Army Tracker — Instructions
E5: Welcome, Warmaster.
B6: OVERVIEW | E6: This premium spreadsheet manages your entire Warhammer collection — from army list to painting queue to paint inventory. Every calculated cell updates automatically.
B7: INSTRUCTIONS
B8: SETUP | E8: ARMY ROSTER | F8: Log all your units, factions, points values and painting status. Total army points auto-calculate and update as you add units.
B10: TRACKING | E10: PAINTING PROGRESS | F10: Track each of the 8 painting stages per unit — from Assembly through to Varnished. The % Done column and progress bar update automatically.
B11: ARMY ROSTER
B12: PAINTING | E12: PAINT INVENTORY | F12: Catalogue your paint collection by brand and type. The Status column flags when a colour is Low (1 pot) or Needed (0 pots).
B13: PAINT INV.
E14: PILE OF SHAME | F14: Your honest reckoning. See total unpainted models, outstanding points, and how many weeks it takes to finish at your current pace.
B15: ANALYSIS
B16: PILE OF SHAME | E16: DASHBOARD | F16: Your command centre. KPI cards and two charts give an instant overview of army progress, painting stages, and status breakdown.
B17: DASHBOARD
E18: Getting Started
E19: 1. | F19: Open SETUP and fill in your name, army theme, target points size, and painting speed (hrs/model and hrs/week).
E20: 2. | F20: Add your units to ARMY ROSTER. Fill in faction, quantity, points per model, and status.
E21: 3. | F21: Copy unit names to PAINTING PROGRESS and tick stages (Yes/No) as you complete them.
E22: 4. | F22: Log your paints in PAINT INVENTORY. Update Qty Owned and the Status column flags any gaps.
E23: 5. | F23: Check PILE OF SHAME when you need motivation — or a dose of reality.
E24: 6. | F24: Visit DASHBOARD any time for headline numbers and charts.
E26: All yellow cells are user input. Blue cells contain automatic formulas — do not edit them.

Sheet SETUP
B2: WARHAMMER ARMY TRACKER | D2: Setup — Your Details
D5: WARMASTER DETAILS
B6: OVERVIEW | D6: Your Name / Warmaster Title | E6: Commander Reinholt
B7: INSTRUCTIONS | D7: Army Name / Theme | E7: Sons of Ultramar
B8: SETUP | D8: Primary Game System | E8: Warhammer 40,000
D9: Target Army Size (points) | E9: 2000
B10: TRACKING | D10: Average Hours Per Model | E10: 1.5
B11: ARMY ROSTER | D11: Painting Hours Per Week | E11: 4
B12: PAINTING
B13: PAINT INV. | D13: Tip: Set your target points size (row 9), average hours per model (row 10), and hours you paint per week (row 11). These feed directly into the Pile of Shame calculator.
B15: ANALYSIS
B16: PILE OF SHAME
B17: DASHBOARD

Sheet ARMY ROSTER
B2: WARHAMMER ARMY TRACKER | D2: Army Roster
E4: UNIT REGISTRY
E5: Unit Name | F5: Faction | G5: Unit Type | H5: Qty | I5: Pts / Model | J5: Total Pts | K5: Status | L5: Notes
B6: OVERVIEW | E6: Intercessor Squad | F6: Space Marines | G6: Troops | H6: 5 | I6: 20 | J6: =H6*I6 | K6: Complete
B7: INSTRUCTIONS | E7: Aggressor Squad | F7: Space Marines | G7: Elites | H7: 3 | I7: 45 | J7: =H7*I7 | K7: In Progress
B8: SETUP | E8: Assault Intercessors | F8: Space Marines | G8: Troops | H8: 10 | I8: 20 | J8: =H8*I8 | K8: Unpainted
E9: Primaris Lieutenant | F9: Space Marines | G9: HQ | H9: 1 | I9: 65 | J9: =H9*I9 | K9: Complete
B10: TRACKING | E10: Repulsor Executioner | F10: Space Marines | G10: Heavy Support | H10: 1 | I10: 290 | J10: =H10*I10 | K10: Unpainted
B11: ARMY ROSTER | E11: Eliminators | F11: Space Marines | G11: Elites | H11: 3 | I11: 25 | J11: =H11*I11 | K11: Assembled
B12: PAINTING | J12: =IF(H12="","",H12*I12)
B13: PAINT INV. | J13: =IF(H13="","",H13*I13)
J14: =IF(H14="","",H14*I14)
B15: ANALYSIS | J15: =IF(H15="","",H15*I15)
B16: PILE OF SHAME | J16: =IF(H16="","",H16*I16)
B17: DASHBOARD | J17: =IF(H17="","",H17*I17)
J18: =IF(H18="","",H18*I18)
J19: =IF(H19="","",H19*I19)
J20: =IF(H20="","",H20*I20)
J21: =IF(H21="","",H21*I21)
J22: =IF(H22="","",H22*I22)
J23: =IF(H23="","",H23*I23)
J24: =IF(H24="","",H24*I24)
J25: =IF(H25="","",H25*I25)
J26: =IF(H26="","",H26*I26)
J27: =IF(H27="","",H27*I27)
J28: =IF(H28="","",H28*I28)
J29: =IF(H29="","",H29*I29)
... J55: =IF(H55="","",H55*I55)
E56: TOTAL ARMY POINTS | J56: =SUM(J6:J55)

Sheet PAINTING PROGRESS
B2: WARHAMMER ARMY TRACKER | D2: Painting Progress
E4: PAINTING STAGE TRACKER — tick each stage when complete
E5: Unit Name | F5: Qty | G5: Assembled | H5: Primed | I5: Base Coat | J5: Highlights | K5: Washes | L5: Details | M5: Basing | N5: Varnished | O5: % Done
B6: OVERVIEW | E6: Intercessor Squad | F6: 5 | G6: Yes | H6: Yes | I6: Yes | J6: Yes | K6: Yes | L6: Yes | M6: Yes | N6: Yes | O6: =COUNTIF(G6:N6,"Yes")/8
B7: INSTRUCTIONS | E7: Aggressor Squad | F7: 3 | G7: Yes | H7: Yes | I7: Yes | J7: Yes | K7: No | L7: No | M7: No | N7: No | O7: =COUNTIF(G7:N7,"Yes")/8
B8: SETUP | E8: Assault Intercessors | F8: 10 | G8: Yes | H8: No | I8: No | J8: No | K8: No | L8: No | M8: No | N8: No | O8: =COUNTIF(G8:N8,"Yes")/8
E9: Primaris Lieutenant | F9: 1 | G9: Yes | H9: Yes | I9: Yes | J9: Yes | K9: Yes | L9: Yes | M9: Yes | N9: Yes | O9: =COUNTIF(G9:N9,"Yes")/8
B10: TRACKING | E10: Repulsor Executioner | F10: 1 | G10: No | H10: No | I10: No | J10: No | K10: No | L10: No | M10: No | N10: No | O10: =COUNTIF(G10:N10,"Yes")/8
B11: ARMY ROSTER | E11: Eliminators | F11: 3 | G11: Yes | H11: Yes | I11: No | J11: No | K11: No | L11: No | M11: No | N11: No | O11: =COUNTIF(G11:N11,"Yes")/8
B12: PAINTING | O12: =IF(COUNTA(G12:N12)=0,"",COUNTIF(G12:N12,"Yes")/8)
B13: PAINT INV. | O13: =IF(COUNTA(G13:N13)=0,"",COUNTIF(G13:N13,"Yes")/8)
O14: =IF(COUNTA(G14:N14)=0,"",COUNTIF(G14:N14,"Yes")/8)
B15: ANALYSIS | O15: =IF(COUNTA(G15:N15)=0,"",COUNTIF(G15:N15,"Yes")/8)
B16: PILE OF SHAME | O16: =IF(COUNTA(G16:N16)=0,"",COUNTIF(G16:N16,"Yes")/8)
B17: DASHBOARD | O17: =IF(COUNTA(G17:N17)=0,"",COUNTIF(G17:N17,"Yes")/8)
O18: =IF(COUNTA(G18:N18)=0,"",COUNTIF(G18:N18,"Yes")/8)
O19: =IF(COUNTA(G19:N19)=0,"",COUNTIF(G19:N19,"Yes")/8)
O20: =IF(COUNTA(G20:N20)=0,"",COUNTIF(G20:N20,"Yes")/8)
O21: =IF(COUNTA(G21:N21)=0,"",COUNTIF(G21:N21,"Yes")/8)
O22: =IF(COUNTA(G22:N22)=0,"",COUNTIF(G22:N22,"Yes")/8)
O23: =IF(COUNTA(G23:N23)=0,"",COUNTIF(G23:N23,"Yes")/8)
O24: =IF(COUNTA(G24:N24)=0,"",COUNTIF(G24:N24,"Yes")/8)
O25: =IF(COUNTA(G25:N25)=0,"",COUNTIF(G25:N25,"Yes")/8)
O26: =IF(COUNTA(G26:N26)=0,"",COUNTIF(G26:N26,"Yes")/8)
O27: =IF(COUNTA(G27:N27)=0,"",COUNTIF(G27:N27,"Yes")/8)
O28: =IF(COUNTA(G28:N28)=0,"",COUNTIF(G28:N28,"Yes")/8)
O29: =IF(COUNTA(G29:N29)=0,"",COUNTIF(G29:N29,"Yes")/8)
... O55: =IF(COUNTA(G55:N55)=0,"",COUNTIF(G55:N55,"Yes")/8)

Sheet PAINT INVENTORY
B2: WARHAMMER ARMY TRACKER | D2: Paint Inventory
E4: PAINT COLLECTION TRACKER
E5: Paint Name | F5: Brand | G5: Type | H5: Colour Family | I5: Qty Owned | J5: Status
B6: OVERVIEW | E6: Abaddon Black | F6: Citadel | G6: Base | H6: Black | I6: 2 | J6: =IF(I6="","",IF(I6<=0,"NEED MORE",IF(I6<=1,"LOW","OK")))
B7: INSTRUCTIONS | E7: Mechanicus Standard Grey | F7: Citadel | G7: Base | H7: Grey | I7: 1 | J7: =IF(I7="","",IF(I7<=0,"NEED MORE",IF(I7<=1,"LOW","OK")))
B8: SETUP | E8: Macragge Blue | F8: Citadel | G8: Base | H8: Blue | I8: 2 | J8: =IF(I8="","",IF(I8<=0,"NEED MORE",IF(I8<=1,"LOW","OK")))
E9: Retributor Armour | F9: Citadel | G9: Base | H9: Gold | I9: 1 | J9: =IF(I9="","",IF(I9<=0,"NEED MORE",IF(I9<=1,"LOW","OK")))
B10: TRACKING | E10: Nuln Oil | F10: Citadel | G10: Shade | H10: Black | I10: 3 | J10: =IF(I10="","",IF(I10<=0,"NEED MORE",IF(I10<=1,"LOW","OK")))
B11: ARMY ROSTER | E11: Agrax Earthshade | F11: Citadel | G11: Shade | H11: Brown | I11: 2 | J11: =IF(I11="","",IF(I11<=0,"NEED MORE",IF(I11<=1,"LOW","OK")))
B12: PAINTING | E12: Mephiston Red | F12: Citadel | G12: Base | H12: Red | I12: 0 | J12: =IF(I12="","",IF(I12<=0,"NEED MORE",IF(I12<=1,"LOW","OK")))
B13: PAINT INV. | E13: Celestra Grey | F13: Citadel | G13: Base | H13: Grey | I13: 1 | J13: =IF(I13="","",IF(I13<=0,"NEED MORE",IF(I13<=1,"LOW","OK")))
E14: Pallid Wych Flesh | F14: Citadel | G14: Layer | H14: Skin | I14: 1 | J14: =IF(I14="","",IF(I14<=0,"NEED MORE",IF(I14<=1,"LOW","OK")))
B15: ANALYSIS | E15: Balthasar Gold | F15: Citadel | G15: Base | H15: Gold | I15: 0 | J15: =IF(I15="","",IF(I15<=0,"NEED MORE",IF(I15<=1,"LOW","OK")))
B16: PILE OF SHAME | E16: Screaming Bell | F16: Citadel | G16: Layer | H16: Bronze | I16: 2 | J16: =IF(I16="","",IF(I16<=0,"NEED MORE",IF(I16<=1,"LOW","OK")))
B17: DASHBOARD | E17: Bugmans Glow | F17: Citadel | G17: Base | H17: Skin | I17: 1 | J17: =IF(I17="","",IF(I17<=0,"NEED MORE",IF(I17<=1,"LOW","OK")))
E18: Seraphim Sepia | F18: Citadel | G18: Shade | H18: Brown | I18: 1 | J18: =IF(I18="","",IF(I18<=0,"NEED MORE",IF(I18<=1,"LOW","OK")))
E19: Leadbelcher | F19: Citadel | G19: Base | H19: Silver | I19: 2 | J19: =IF(I19="","",IF(I19<=0,"NEED MORE",IF(I19<=1,"LOW","OK")))
E20: Runefang Steel | F20: Citadel | G20: Layer | H20: Silver | I20: 1 | J20: =IF(I20="","",IF(I20<=0,"NEED MORE",IF(I20<=1,"LOW","OK")))
J21: =IF(I21="","",IF(I21<=0,"NEED MORE",IF(I21<=1,"LOW","OK")))
J22: =IF(I22="","",IF(I22<=0,"NEED MORE",IF(I22<=1,"LOW","OK")))
J23: =IF(I23="","",IF(I23<=0,"NEED MORE",IF(I23<=1,"LOW","OK")))
J24: =IF(I24="","",IF(I24<=0,"NEED MORE",IF(I24<=1,"LOW","OK")))
J25: =IF(I25="","",IF(I25<=0,"NEED MORE",IF(I25<=1,"LOW","OK")))
J26: =IF(I26="","",IF(I26<=0,"NEED MORE",IF(I26<=1,"LOW","OK")))
J27: =IF(I27="","",IF(I27<=0,"NEED MORE",IF(I27<=1,"LOW","OK")))
J28: =IF(I28="","",IF(I28<=0,"NEED MORE",IF(I28<=1,"LOW","OK")))
J29: =IF(I29="","",IF(I29<=0,"NEED MORE",IF(I29<=1,"LOW","OK")))
J30: =IF(I30="","",IF(I30<=0,"NEED MORE",IF(I30<=1,"LOW","OK")))
J31: =IF(I31="","",IF(I31<=0,"NEED MORE",IF(I31<=1,"LOW","OK")))
J32: =IF(I32="","",IF(I32<=0,"NEED MORE",IF(I32<=1,"LOW","OK")))
... J85: =IF(I85="","",IF(I85<=0,"NEED MORE",IF(I85<=1,"LOW","OK")))

Sheet PILE OF SHAME
B2: WARHAMMER ARMY TRACKER | D2: Pile of Shame — The Reckoning
E5: COLLECTION OVERVIEW
B6: OVERVIEW | E6: Total Models in Roster | F6: =SUMIF('ARMY ROSTER'!K6:K55,"<>",'ARMY ROSTER'!H6:H55)
B7: INSTRUCTIONS | E7: Models Fully Painted | F7: =SUMIF('ARMY ROSTER'!K6:K55,"Complete",'ARMY ROSTER'!H6:H55)
B8: SETUP | E8: Models Unpainted / In Progress | F8: =F6-F7
E9: Total Roster Points | F9: ='ARMY ROSTER'!J56
B10: TRACKING | E10: Target Army Points (Setup) | F10: =SETUP!E9
B11: ARMY ROSTER | E11: Points Still Needing Paint | F11: =SUMIF('ARMY ROSTER'!K6:K55,"<>Complete",'ARMY ROSTER'!J6:J55)
B12: PAINTING
B13: PAINT INV. | E13: TIME ESTIMATE
E14: Avg. Hours Per Model (from Setup) | F14: =SETUP!E10
B15: ANALYSIS | E15: Painting Hours Per Week (from Setup) | F15: =SETUP!E11
B16: PILE OF SHAME | E16: Total Estimated Hours Remaining | F16: =F8*F14
B17: DASHBOARD | E17: Weeks to Full Completion | F17: =IF(F15=0,"Set hours in Setup",ROUND(F16/F15,1))
E18: Months to Full Completion | F18: =IF(ISNUMBER(F17),ROUND(F17/4.33,1),"—")
E21: PAINT LOCKER STATUS
E22: Total Paints Catalogued | F22: =COUNTA('PAINT INVENTORY'!E6:E85)
E23: Paints Low or Needed | F23: =COUNTIF('PAINT INVENTORY'!J6:J85,"LOW")+COUNTIF('PAINT INVENTORY'!J6:J85,"NEED MORE")
E26: "Every model painted is a battle won against the grey tide. The Pile of Shame is not a source of guilt — it is a backlog of future glories."

Sheet DASHBOARD
B2: WARHAMMER ARMY TRACKER | D2: Dashboard — Army Overview
B6: OVERVIEW | D6: ='ARMY ROSTER'!J56 | J6: =SUMIF('ARMY ROSTER'!K6:K55,"<>",'ARMY ROSTER'!H6:H55) | P6: =IF(SUMIF('ARMY ROSTER'!K6:K55,"<>",'ARMY ROSTER'!H6:H55)=0,0,SUMIF('ARMY ROSTER'!K6:K55,"Complete",'ARMY ROSTER'!H6:H55)/SUMIF('ARMY ROSTER'!K6:K55,"<>",'ARMY ROSTER'!H6:H55)) | V6: ='PILE OF SHAME'!F16
B7: INSTRUCTIONS
B8: SETUP | D8: TOTAL ARMY POINTS | J8: TOTAL MODELS | P8: % PAINTED | V8: HOURS TO COMPLETION
B10: TRACKING
B11: ARMY ROSTER
B12: PAINTING
B13: PAINT INV. | D13: Stage | E13: Models Done | G13: Status | H13: Models
D14: Assembled | E14: =SUMPRODUCT(('PAINTING PROGRESS'!G6:G55="Yes")*('PAINTING PROGRESS'!F6:F55)) | G14: Unpainted | H14: =SUMIF('ARMY ROSTER'!K6:K55,G14,'ARMY ROSTER'!H6:H55)
B15: ANALYSIS | D15: Primed | E15: =SUMPRODUCT(('PAINTING PROGRESS'!H6:H55="Yes")*('PAINTING PROGRESS'!F6:F55)) | G15: Assembled | H15: =SUMIF('ARMY ROSTER'!K6:K55,G15,'ARMY ROSTER'!H6:H55)
B16: PILE OF SHAME | D16: Base Coat | E16: =SUMPRODUCT(('PAINTING PROGRESS'!I6:I55="Yes")*('PAINTING PROGRESS'!F6:F55)) | G16: Primed | H16: =SUMIF('ARMY ROSTER'!K6:K55,G16,'ARMY ROSTER'!H6:H55)
B17: DASHBOARD | D17: Highlights | E17: =SUMPRODUCT(('PAINTING PROGRESS'!J6:J55="Yes")*('PAINTING PROGRESS'!F6:F55)) | G17: In Progress | H17: =SUMIF('ARMY ROSTER'!K6:K55,G17,'ARMY ROSTER'!H6:H55)
D18: Washes | E18: =SUMPRODUCT(('PAINTING PROGRESS'!K6:K55="Yes")*('PAINTING PROGRESS'!F6:F55)) | G18: Complete | H18: =SUMIF('ARMY ROSTER'!K6:K55,G18,'ARMY ROSTER'!H6:H55)
D19: Details | E19: =SUMPRODUCT(('PAINTING PROGRESS'!L6:L55="Yes")*('PAINTING PROGRESS'!F6:F55))
D20: Basing | E20: =SUMPRODUCT(('PAINTING PROGRESS'!M6:M55="Yes")*('PAINTING PROGRESS'!F6:F55))
D21: Varnished | E21: =SUMPRODUCT(('PAINTING PROGRESS'!N6:N55="Yes")*('PAINTING PROGRESS'!F6:F55))
